Designator,Mid X,Mid Y,Layer,Rotation
C5,142.900000mm,-64.449999mm,Top,90
C6,159.950000mm,-74.380000mm,Top,90
C101,147.700000mm,-102.780000mm,Top,270
C102,150.100000mm,-102.780000mm,Top,270
C103,152.500000mm,-102.780000mm,Top,270
C201,162.400000mm,-102.780000mm,Top,270
C202,164.800000mm,-102.780000mm,Top,270
C203,167.200000mm,-102.780000mm,Top,270
C204,169.600000mm,-102.780000mm,Top,270
C205,172.000000mm,-102.780000mm,Top,270
C301,141.950000mm,-87.380000mm,Top,0
C401,137.100000mm,-82.250000mm,Top,90
D101,158.010000mm,-98.210000mm,Top,270
F101,167.050000mm,-83.919999mm,Top,90
J6,151.625000mm,-63.484999mm,Top,180
Q101,133.600000mm,-92.780000mm,Top,0
R2,142.900000mm,-70.479999mm,Top,270
R3,142.900000mm,-67.465000mm,Top,270
R4,142.900000mm,-61.440000mm,Top,270
R5,142.900000mm,-58.419999mm,Top,270
R6,137.100000mm,-86.080000mm,Top,90
R101,125.280000mm,-93.880000mm,Top,0
U201,122.800000mm,-81.830000mm,Top,0
