"Comment","Designator","Qty","MPN","Manufacturer","Footprint","DNP","LCSC"
"100u","C1","1","","","Capacitor_THT:CP_Radial_D6.3mm_P2.50mm","",""
"220u","C2","1","","","Capacitor_THT:CP_Radial_D8.0mm_P3.50mm","",""
"10u","C3","1","","","Capacitor_THT:CP_Radial_D5.0mm_P2.00mm","",""
"10u","C4","1","","","Capacitor_THT:C_Disc_D5.1mm_W3.2mm_P5.00mm","",""
"100n","C5","1","CC0603KRX7R9BB104","YAGEO","Capacitor_SMD:C_0603_1608Metric","DNP","C14663"
"10u","C6,C301","2","CL21A106KAYNNNE","Samsung Electro-Mechanics","Capacitor_SMD:C_0805_2012Metric","DNP","C15850"
"22u","C101,C102,C103,C201,C202,C203,C204,C205,C401","9","CL31A226KAHNNNE","Samsung Electro-Mechanics","Capacitor_SMD:C_1206_3216Metric","DNP","C12891"
"1N5817","D1","1","1N5817","","Diode_THT:D_DO-41_SOD81_P10.16mm_Horizontal","",""
"SS14","D101","1","SS14","MDD (Microdiode Semiconductor)","Diode_SMD:D_SMA","DNP","C2480"
"PTC 0.9A hold","F1","1","RUEF090","Littelfuse","Fuse:Fuse_Bourns_MF-RHT070","",""
"PTC 1.1A hold","F101","1","1812L110/33MR","Littelfuse","Fuse:Fuse_1812_4532Metric","DNP","C142747"
"USB_A","J2","1","","","Connector_USB:USB_A_Molex_67643_Horizontal","",""
"USB int","J3","1","","","Connector_PinHeader_2.54mm:PinHeader_2x05_P2.54mm_Vertical","",""
"SWD","J4","1","","","Connector_PinHeader_2.54mm:PinHeader_1x03_P2.54mm_Vertical","DNP",""
"RUN/BOOT","J5","1","","","Connector_PinHeader_2.54mm:PinHeader_1x03_P2.54mm_Vertical","DNP",""
"DM3AT-SF-PEJM5","J6","1","DM3AT-SF-PEJM5","Hirose","Connector_Card:microSD_HC_Hirose_DM3AT-SF-PEJM5","DNP","C114218"
"W5500 Lite J1","M1J1","1","","","Connector_PinHeader_2.54mm:PinHeader_1x06_P2.54mm_Vertical","",""
"W5500 Lite J2","M1J2","1","","","Connector_PinHeader_2.54mm:PinHeader_1x06_P2.54mm_Vertical","",""
"microSD breakout","M2","1","","","Connector_PinHeader_2.54mm:PinHeader_1x06_P2.54mm_Vertical","",""
"GY-PCM5102 6-pin","M3J1","1","","","Connector_PinHeader_2.54mm:PinHeader_1x06_P2.54mm_Vertical","",""
"GY-PCM5102 9-pin","M3J2","1","","","Connector_PinHeader_2.54mm:PinHeader_1x09_P2.54mm_Vertical","",""
"Core2350B P1","P1","1","","","Connector_PinHeader_2.54mm:PinHeader_2x08_P2.54mm_Vertical","",""
"Core2350B P2","P2","1","","","Connector_PinHeader_2.54mm:PinHeader_2x08_P2.54mm_Vertical","",""
"Core2350B P3","P3","1","","","Connector_PinHeader_2.54mm:PinHeader_2x08_P2.54mm_Vertical","",""
"Core2350B P4","P4","1","","","Connector_PinHeader_2.54mm:PinHeader_2x08_P2.54mm_Vertical","",""
"2N3904","Q1","1","2N3904","","Package_TO_SOT_THT:TO-92_Inline","",""
"MMBT3904","Q101","1","MMBT3904","CJ (Changjiang)","Package_TO_SOT_SMD:SOT-23","DNP","C20526"
"2.2k","R1","1","","","Resistor_THT:R_Axial_DIN0207_L6.3mm_D2.5mm_P10.16mm_Horizontal","",""
"10k","R2,R3,R4,R5","4","0603WAF1002T5E","UNI-ROYAL","Resistor_SMD:R_0603_1608Metric","DNP","C25804"
"1R0","R6","1","0603WAF100KT5E","UNI-ROYAL","Resistor_SMD:R_0603_1608Metric","DNP","C22936"
"2.2k","R101","1","0603WAF2201T5E","UNI-ROYAL","Resistor_SMD:R_0603_1608Metric","DNP","C4190"
"LD1117V33","U2","1","LD1117V33","STMicroelectronics","Package_TO_SOT_THT:TO-220-3_Horizontal_TabDown","",""
"AMS1117-3.3","U201","1","AMS1117-3.3","Advanced Monolithic Systems","Package_TO_SOT_SMD:SOT-223-3_TabPin2","DNP","C6186"
